{"cameraMode":{"drawMode":0,"name":"Shaded","section":"Shading Mode"},"sceneLighting":false,"audioPlay":false,"sceneViewState":{"showFog":true,"showMaterialUpdate":false,"showSkybox":true,"showFlares":true,"showImageEffects":true,"showParticleSystems":true},"in2DMode":false,"pivot":{"x":-0.39925050735473635,"y":0.6709743738174439,"z":-17.778446197509767},"rotation":{"x":-0.07012856006622315,"y":-0.7304112911224365,"z":0.0758686289191246,"w":-0.675150454044342},"size":6.965924263000488,"orthographic":false}