{"cameraMode":{"drawMode":0,"name":"Shaded","section":"Shading Mode"},"sceneLighting":true,"audioPlay":false,"sceneViewState":{"showFog":true,"showMaterialUpdate":false,"showSkybox":true,"showFlares":true,"showImageEffects":true,"showParticleSystems":true},"in2DMode":false,"pivot":{"x":9.710498809814454,"y":-6.396329879760742,"z":-22.378795623779298},"rotation":{"x":0.23415666818618775,"y":0.19756293296813966,"z":-0.0486612468957901,"w":0.9506696462631226},"size":13.405406951904297,"orthographic":false}