{"cameraMode":{"drawMode":0,"name":"Shaded","section":"Shading Mode"},"sceneLighting":false,"audioPlay":false,"sceneViewState":{"showFog":true,"showMaterialUpdate":false,"showSkybox":false,"showFlares":true,"showImageEffects":true,"showParticleSystems":true},"in2DMode":false,"pivot":{"x":92.68740844726563,"y":63.757102966308597,"z":-192.82635498046876},"rotation":{"x":-0.2367105484008789,"y":0.2084994912147522,"z":-0.05209103971719742,"w":-0.9475206136703491},"size":-29.382896423339845,"orthographic":false}