{"cameraMode":{"drawMode":0,"name":"Shaded","section":"Shading Mode"},"sceneLighting":false,"audioPlay":false,"sceneViewState":{"showFog":true,"showMaterialUpdate":false,"showSkybox":false,"showFlares":true,"showImageEffects":true,"showParticleSystems":true},"in2DMode":false,"pivot":{"x":-2.333767890930176,"y":0.8302497863769531,"z":-0.045627329498529437},"rotation":{"x":-0.16411393880844117,"y":-0.14970727264881135,"z":0.025207562372088434,"w":-0.9746936559677124},"size":1.46158766746521,"orthographic":false}